{"model": [{"input_dim": 4, "output_dim": 1, "activation": "sigmoid"}], "parameters": [-0.10376431755025746, 0.05936581571570304, 0.1102680622168492, -0.051217773117557666, -0.026541985969745524]}