{
    "model": [
        {
            "input_dim": 4,
            "output_dim": 4,
            "activation": "relu"
        },
        {
            "input_dim": 4,
            "output_dim": 1,
            "activation": "sigmoid"
        }
    ],
    "parameters": [
        -1.0,
        1.0,
        -1.0,
        1.0,
        -1.0,
        -0.5669186412037175,
        1.0,
        1.0,
        1.0,
        0.2410407848855935,
        1.0,
        1.0,
        0.5317565776781827,
        -1.0,
        1.0,
        0.21725159074075906,
        1.0,
        -1.0,
        1.0,
        1.0,
        -0.13947159562938194,
        -1.0,
        1.0,
        -1.0,
        1.0
    ]
}