{"model": [{"input_dim": 4, "output_dim": 1, "activation": "sigmoid"}], "parameters": [1.0, 0.8018718491369398, -0.6998079685713722, -0.10028632053807728, -0.041820005150899064]}