{"model": [{"input_dim": 4, "output_dim": 4, "activation": "relu"}, {"input_dim": 4, "output_dim": 1, "activation": "sigmoid"}], "parameters": [0.025064224648807337, 0.11677268597825723, -0.058846629395769, 0.12250665741421776, -0.12450625173789001, -0.06726201228619545, 0.07863683205673298, 0.04977761272845441, -0.1748470420100228, 0.011248704957486956, 0.13872645130697717, -0.04770632359810534, -0.06401232393125963, -0.14250941040659199, -0.17337907185211798, -0.026683283066358573, -0.03607618299285436, 0.10473073940029899, -0.14907525839135613, -0.1783041445278743, 0.12258690247982029, -0.29598092158835265, -0.17796897130984066, 0.012447739544393798, 0.10296801872172683]}