{"model": [{"input_dim": 4, "output_dim": 1, "activation": "sigmoid"}], "parameters": [0.07896816418025236, 0.11162619340346054, -0.05337591656519775, -0.012341351972819112, -0.16121730803555068]}